Date,ZM,MSFT,CRM,GOOGL,DBX,XLK
2023-02-15 00:00:00-05:00,80.7699966430664,265.6352233886719,170.14964294433594,96.58985137939453,24.170000076293945,141.8781280517578
2023-02-16 00:00:00-05:00,77.91000366210938,258.56329345703125,167.17625427246094,95.1650161743164,23.959999084472656,139.41651916503906
2023-02-17 00:00:00-05:00,76.11000061035156,254.52926635742188,164.25259399414062,94.00920867919922,21.219999313354492,137.6737060546875
2023-02-21 00:00:00-05:00,72.47000122070312,249.21298217773438,160.7222900390625,91.45845794677734,21.290000915527344,134.40463256835938
2023-02-22 00:00:00-05:00,73.38999938964844,248.06886291503906,162.45262145996094,91.31896209716797,21.219999313354492,134.2077178955078
2023-02-23 00:00:00-05:00,74.56999969482422,251.28427124023438,163.20840454101562,90.56170654296875,21.020000457763672,136.43304443359375
2023-02-24 00:00:00-05:00,73.93000030517578,245.81019592285156,161.299072265625,88.80805969238281,20.600000381469727,134.00094604492188
2023-02-27 00:00:00-05:00,73.72000122070312,246.73733520507812,162.23385620117188,89.54539489746094,20.489999771118164,134.71974182128906
2023-02-28 00:00:00-05:00,74.58999633789062,246.00747680664062,162.7012481689453,89.73470306396484,20.399999618530273,134.42434692382812
2023-03-01 00:00:00-05:00,69.62000274658203,242.90057373046875,166.42047119140625,90.03362274169922,20.549999237060547,133.439697265625
2023-03-02 00:00:00-05:00,70.62999725341797,247.67434692382812,185.5535888671875,91.66769409179688,20.670000076293945,135.0840606689453
2023-03-03 00:00:00-05:00,70.80999755859375,251.79713439941406,185.3944854736328,93.31173706054688,20.6299991607666,137.98875427246094
2023-03-06 00:00:00-05:00,71.33000183105469,253.35552978515625,182.7790985107422,94.78638458251953,20.3799991607666,138.6484832763672
2023-03-07 00:00:00-05:00,69.6500015258789,250.6727294921875,182.30178833007812,93.52098083496094,20.110000610351562,136.9253387451172
2023-03-08 00:00:00-05:00,68.91000366210938,250.2289276123047,181.93380737304688,93.9095687866211,20.06999969482422,138.05770874023438
2023-03-09 00:00:00-05:00,67.62000274658203,248.86781311035156,177.72731018066406,91.98654174804688,19.610000610351562,136.07855224609375
2023-03-10 00:00:00-05:00,67.12000274658203,245.18881225585938,172.21807861328125,90.30264282226562,19.1200008392334,133.6858673095703
2023-03-13 00:00:00-04:00,68.66999816894531,250.44589233398438,174.53515625,90.78091430664062,18.969999313354492,134.4145050048828
2023-03-14 00:00:00-04:00,68.98999786376953,257.2219543457031,181.87416076660156,93.63058471679688,19.559999465942383,137.51614379882812
2023-03-15 00:00:00-04:00,71.02999877929688,261.8082580566406,181.89404296875,95.76285552978516,19.65999984741211,137.59490966796875
2023-03-16 00:00:00-04:00,70.58999633789062,272.4211120605469,186.25965881347656,99.9576416015625,19.959999084472656,141.45472717285156
2023-03-17 00:00:00-04:00,69.19000244140625,275.6068420410156,183.82327270507812,101.2529525756836,20.010000228881836,141.25779724121094
2023-03-20 00:00:00-04:00,69.30000305175781,268.5054016113281,184.22105407714844,100.85440063476562,20.520000457763672,141.6387176513672
2023-03-21 00:00:00-04:00,71.8499984741211,270.0341796875,187.6320037841797,104.54103088378906,21.149999618530273,142.78341674804688
2023-03-22 00:00:00-04:00,68.75,268.5646057128906,185.47402954101562,102.99663543701172,20.860000610351562,141.3623809814453
2023-03-23 00:00:00-04:00,69.19000244140625,273.8611145019531,186.39889526367188,105.21857452392578,21.110000610351562,143.6616973876953
2023-03-24 00:00:00-04:00,69.04000091552734,276.7312927246094,189.00433349609375,105.05915832519531,21.15999984741211,144.0366973876953
2023-03-27 00:00:00-04:00,68.56999969482422,272.59857177734375,190.19766235351562,102.08992004394531,21.1299991607666,142.9215850830078
2023-03-28 00:00:00-04:00,68.54000091552734,271.4643249511719,191.2318878173828,100.66507720947266,20.959999084472656,142.25051879882812
2023-03-29 00:00:00-04:00,70.5999984741211,276.672119140625,195.5477752685547,101.02377319335938,21.170000076293945,145.2307586669922
2023-03-30 00:00:00-04:00,72.04000091552734,280.16363525390625,195.50799560546875,100.52558135986328,21.0,146.91822814941406
2023-03-31 00:00:00-04:00,73.83999633789062,284.35546875,198.67034912109375,103.35533142089844,21.6200008392334,149.02017211914062
2023-04-03 00:00:00-04:00,73.66999816894531,283.3001708984375,195.3986358642578,103.9830551147461,21.350000381469727,148.78330993652344
2023-04-04 00:00:00-04:00,73.63999938964844,283.2508544921875,196.10467529296875,104.34175109863281,21.350000381469727,147.96426391601562
2023-04-05 00:00:00-04:00,71.0999984741211,280.44964599609375,194.2251739501953,104.09265899658203,21.15999984741211,146.2767791748047
2023-04-06 00:00:00-04:00,71.8499984741211,287.6103515625,191.48049926757812,108.02838897705078,21.25,147.10572814941406
2023-04-10 00:00:00-04:00,71.16999816894531,285.43060302734375,190.4263916015625,106.0555419921875,21.079999923706055,147.02676391601562
2023-04-11 00:00:00-04:00,70.0,278.9603576660156,187.84083557128906,104.96947479248047,20.760000228881836,145.64520263671875
2023-04-12 00:00:00-04:00,67.48999786376953,279.611328125,189.26290893554688,104.26203918457031,20.799999237060547,144.81629943847656
2023-04-13 00:00:00-04:00,70.18000030517578,285.87445068359375,192.9423370361328,107.04196166992188,21.8799991607666,147.5102996826172
2023-04-14 00:00:00-04:00,69.5,282.22509765625,193.56881713867188,108.47676086425781,22.049999237060547,146.69125366210938
2023-04-17 00:00:00-04:00,67.62000274658203,284.8486633300781,195.98533630371094,105.58724212646484,22.049999237060547,147.22415161132812
2023-04-18 00:00:00-04:00,67.2699966430664,284.4245300292969,197.39744567871094,104.12255096435547,22.149999618530273,147.67807006835938
2023-04-19 00:00:00-04:00,67.75,284.50347900390625,197.8151092529297,103.80370330810547,21.90999984741211,147.2537384033203
2023-04-20 00:00:00-04:00,65.69999694824219,282.19549560546875,196.41294860839844,104.90969848632812,21.760000228881836,146.28665161132812
2023-04-21 00:00:00-04:00,63.97999954223633,281.8503112792969,197.9245147705078,105.02926635742188,21.729999542236328,145.81298828125
2023-04-24 00:00:00-04:00,65.80000305175781,277.9148254394531,193.83734130859375,105.58724212646484,21.5,145.17153930664062
2023-04-25 00:00:00-04:00,63.04999923706055,271.6517333984375,189.61093139648438,103.47489166259766,21.06999969482422,142.07290649414062
2023-04-26 00:00:00-04:00,61.43000030517578,291.3287658691406,190.4562225341797,103.33540344238281,20.889999389648438,144.18470764160156
2023-04-27 00:00:00-04:00,61.290000915527344,300.65936279296875,194.85166931152344,107.20138549804688,20.15999984741211,147.24386596679688
2023-04-28 00:00:00-04:00,61.43000030517578,303.05609130859375,197.26817321777344,106.95228576660156,20.34000015258789,148.84251403808594
2023-05-01 00:00:00-04:00,61.68000030517578,301.37939453125,196.69139099121094,106.81278991699219,20.350000381469727,148.9313201904297
2023-05-02 00:00:00-04:00,61.189998626708984,301.2314453125,192.7633056640625,104.93958282470703,20.030000686645508,147.53990173339844
2023-05-03 00:00:00-04:00,60.81999969482422,300.2352600097656,191.54017639160156,105.02926635742188,19.8799991607666,146.2965087890625
2023-05-04 00:00:00-04:00,62.220001220703125,301.2314453125,191.3114471435547,104.3118667602539,19.6200008392334,145.5958709716797
2023-05-05 00:00:00-04:00,63.400001525878906,306.39971923828125,196.4925079345703,105.18868255615234,21.309999465942383,149.24713134765625
2023-05-08 00:00:00-04:00,62.93000030517578,304.42706298828125,196.80078125,107.38072967529297,21.420000076293945,149.16815185546875
2023-05-09 00:00:00-04:00,63.560001373291016,302.7996826171875,200.06256103515625,106.96224975585938,21.200000762939453,148.02345275878906
2023-05-10 00:00:00-04:00,64.43000030517578,308.0370178222656,203.71218872070312,111.34636688232422,21.760000228881836,149.829345703125
2023-05-11 00:00:00-04:00,64.44999694824219,305.8670959472656,202.33984375,116.1489486694336,21.719999313354492,149.15830993652344
2023-05-12 00:00:00-04:00,63.689998626708984,304.7427062988281,200.68907165527344,117.08555603027344,22.020000457763672,148.9609375
2023-05-15 00:00:00-04:00,66.02999877929688,305.22601318359375,202.2006378173828,116.08916473388672,22.610000610351562,150.19447326660156
2023-05-16 00:00:00-04:00,65.98999786376953,307.4748229980469,203.42379760742188,119.07833099365234,22.06999969482422,150.3523712158203
2023-05-17 00:00:00-04:00,67.8499984741211,310.38092041015625,208.21702575683594,120.40352630615234,22.329999923706055,152.35560607910156
2023-05-18 00:00:00-04:00,69.52999877929688,314.8487854003906,212.13514709472656,122.38633728027344,22.56999969482422,155.47396850585938
2023-05-19 00:00:00-04:00,69.37000274658203,314.6708984375,209.19158935546875,122.31659698486328,22.690000534057617,155.4049072265625
2023-05-22 00:00:00-04:00,71.41000366210938,317.4781799316406,209.09213256835938,124.59832000732422,22.479999542236328,155.70095825195312
2023-05-23 00:00:00-04:00,65.6500015258789,311.6263732910156,205.4922332763672,122.1173095703125,22.239999771118164,153.4016571044922
2023-05-24 00:00:00-04:00,62.630001068115234,310.232666015625,207.89878845214844,120.46331024169922,22.06999969482422,152.27667236328125
2023-05-25 00:00:00-04:00,65.12000274658203,322.16357421875,208.7440948486328,123.03399658203125,22.510000228881836,158.11863708496094
2023-05-26 00:00:00-04:00,66.2699966430664,329.0531921386719,214.2433624267578,124.159912109375,22.809999465942383,162.6086883544922
2023-05-30 00:00:00-04:00,65.68000030517578,327.392578125,217.654296875,123.22331237792969,22.690000534057617,163.4770965576172
2023-05-31 00:00:00-04:00,67.12999725341797,324.6051025390625,222.13926696777344,122.42620086669922,23.020000457763672,162.1153106689453
2023-06-01 00:00:00-04:00,67.83000183105469,328.74676513671875,211.71746826171875,123.27312469482422,23.190000534057617,163.76329040527344
2023-06-02 00:00:00-04:00,67.08999633789062,331.5343017578125,211.8467559814453,124.21968841552734,23.68000030517578,164.7007598876953
2023-06-05 00:00:00-04:00,69.0199966430664,332.0680236816406,208.69435119628906,125.55485534667969,23.93000030517578,163.75341796875
2023-06-06 00:00:00-04:00,69.5,329.8341064453125,211.66775512695312,126.85015869140625,23.84000015258789,163.7139434814453
2023-06-07 00:00:00-04:00,66.5,319.6528015136719,204.58729553222656,122.05753326416016,23.399999618530273,161.26661682128906
2023-06-08 00:00:00-04:00,66.73999786376953,321.5111389160156,208.36619567871094,121.69883728027344,23.6299991607666,163.01329040527344
2023-06-09 00:00:00-04:00,67.13999938964844,323.0235290527344,214.11407470703125,121.78851318359375,24.0,163.82249450683594
2023-06-12 00:00:00-04:00,69.18000030517578,328.0251770019531,212.50308227539062,123.19341278076172,24.600000381469727,167.38491821289062
2023-06-13 00:00:00-04:00,68.81999969482422,330.4371032714844,207.81924438476562,123.38273620605469,24.8799991607666,168.40133666992188
2023-06-14 00:00:00-04:00,68.4000015258789,333.451904296875,208.23690795898438,123.22331237792969,25.100000381469727,170.13818359375
2023-06-15 00:00:00-04:00,69.94000244140625,344.087890625,210.742919921875,124.63816833496094,25.829999923706055,172.3289031982422
2023-06-16 00:00:00-04:00,70.05999755859375,338.3843688964844,210.58380126953125,123.08380889892578,25.969999313354492,170.9078826904297
2023-06-20 00:00:00-04:00,70.55999755859375,334.1537170410156,215.76486206054688,122.65536499023438,25.950000762939453,169.7528839111328
2023-06-21 00:00:00-04:00,66.93000030517578,329.7154846191406,208.4258575439453,120.11457824707031,25.75,167.24110412597656
2023-06-22 00:00:00-04:00,67.44999694824219,335.7945861816406,212.1053009033203,122.70518493652344,26.43000030517578,168.6057586669922
2023-06-23 00:00:00-04:00,66.62000274658203,331.15863037109375,208.92306518554688,121.89810180664062,26.329999923706055,166.7762908935547
2023-06-26 00:00:00-04:00,66.62000274658203,324.8126525878906,206.20823669433594,117.91254425048828,25.829999923706055,165.5797576904297
2023-06-27 00:00:00-04:00,68.05000305175781,330.7138366699219,207.66015625,117.90259552001953,26.139999389648438,168.8430938720703
2023-06-28 00:00:00-04:00,68.69000244140625,331.9790954589844,210.99151611328125,119.74591064453125,26.719999313354492,168.9419708251953
2023-06-29 00:00:00-04:00,67.5999984741211,331.18829345703125,209.26116943359375,118.66981506347656,26.719999313354492,169.23863220214844
2023-06-30 00:00:00-04:00,67.87999725341797,336.6150817871094,210.08656311035156,119.26764678955078,26.670000076293945,171.92843627929688
2023-07-03 00:00:00-04:00,68.29000091552734,334.09442138671875,210.4744110107422,119.46692657470703,26.6299991607666,171.5625457763672
2023-07-05 00:00:00-04:00,67.6500015258789,334.2525939941406,212.6323699951172,121.31024169921875,26.59000015258789,170.50440979003906
2023-07-06 00:00:00-04:00,64.69000244140625,337.3365783691406,208.97279357910156,119.67616271972656,26.729999542236328,170.04954528808594
2023-07-07 00:00:00-04:00,65.66999816894531,333.33331298828125,208.4258575439453,119.04844665527344,26.969999313354492,169.307861328125
2023-07-10 00:00:00-04:00,67.62000274658203,328.00537109375,211.6279754638672,116.02937316894531,27.360000610351562,169.7528839111328
2023-07-11 00:00:00-04:00,69.73999786376953,328.6380615234375,219.94154357910156,116.7168960571289,27.5,170.11874389648438
2023-07-12 00:00:00-04:00,69.80000305175781,333.3135681152344,226.01759338378906,118.50042724609375,27.549999237060547,172.0470733642578
2023-07-13 00:00:00-04:00,71.23999786376953,338.7106018066406,229.09043884277344,124.09016418457031,27.780000686645508,174.29188537597656
2023-07-14 00:00:00-04:00,70.58999633789062,341.2608642578125,228.0561981201172,124.96698760986328,27.290000915527344,174.03477478027344
2023-07-17 00:00:00-04:00,72.83999633789062,341.7452392578125,226.7335968017578,124.19976806640625,27.809999465942383,176.259765625
2023-07-18 00:00:00-04:00,72.27999877929688,355.3465881347656,226.3656768798828,123.31298065185547,28.030000686645508,178.25733947753906
2023-07-19 00:00:00-04:00,73.91999816894531,350.9874572753906,233.06820678710938,121.58922576904297,28.100000381469727,177.81231689453125
2023-07-20 00:00:00-04:00,69.80000305175781,342.8720703125,226.8927001953125,118.76944732666016,27.510000228881836,174.26220703125
2023-07-21 00:00:00-04:00,71.02999877929688,339.8077697753906,226.79327392578125,119.58648681640625,26.989999771118164,174.17323303222656
2023-07-24 00:00:00-04:00,69.51000213623047,341.1323547363281,224.40660095214844,121.09103393554688,26.799999237060547,174.47975158691406
2023-07-25 00:00:00-04:00,69.33000183105469,346.93475341796875,224.7745361328125,121.7685775756836,26.75,176.47732543945312
2023-07-26 00:00:00-04:00,71.0999984741211,333.876953125,224.3270263671875,128.80308532714844,26.719999313354492,174.10397338867188
2023-07-27 00:00:00-04:00,72.38999938964844,326.908203125,223.8994140625,128.93260192871094,26.709999084472656,173.5996551513672
2023-07-28 00:00:00-04:00,73.08000183105469,334.47003173828125,224.346923828125,132.1011199951172,26.6299991607666,175.96310424804688
2023-07-31 00:00:00-04:00,73.3499984741211,332.04827880859375,223.7602081298828,132.24061584472656,26.950000762939453,176.36854553222656
2023-08-01 00:00:00-04:00,72.91000366210938,332.46343994140625,223.02432250976562,131.07484436035156,26.75,176.66517639160156
2023-08-02 00:00:00-04:00,69.88999938964844,323.7253112792969,219.27525329589844,127.91629791259766,25.8700008392334,172.29432678222656
2023-08-03 00:00:00-04:00,69.88999938964844,322.8949890136719,214.36268615722656,127.98603820800781,25.950000762939453,171.59219360351562
2023-08-04 00:00:00-04:00,69.05999755859375,324.0020751953125,213.3980712890625,127.64726257324219,27.489999771118164,169.2584228515625
2023-08-07 00:00:00-04:00,68.66000366210938,326.30523681640625,214.8599090576172,131.05491638183594,28.239999771118164,169.73309326171875
2023-08-08 00:00:00-04:00,67.55000305175781,322.2919921875,210.40480041503906,130.9253692626953,27.799999237060547,168.42774963378906
2023-08-09 00:00:00-04:00,66.55000305175781,318.5160827636719,204.71656799316406,129.19166564941406,27.610000610351562,166.252197265625
2023-08-10 00:00:00-04:00,67.47000122070312,319.2079772949219,207.09329223632812,129.22157287597656,27.649999618530273,166.27198791503906
2023-08-11 00:00:00-04:00,66.5999984741211,317.3101501464844,207.54080200195312,129.09202575683594,27.81999969482422,165.04574584960938
2023-08-14 00:00:00-04:00,67.55000305175781,320.3052673339844,210.8821258544922,130.8556365966797,28.350000381469727,167.67620849609375
2023-08-15 00:00:00-04:00,66.05999755859375,318.1502990722656,207.620361328125,129.31124877929688,27.860000610351562,166.02476501464844
2023-08-16 00:00:00-04:00,65.375,317.3777160644531,205.8402862548828,128.23513793945312,27.040000915527344,164.44252014160156
2023-08-17 00:00:00-04:00,65.36000061035156,313.89093017578125,202.70779418945312,129.4507293701172,26.65999984741211,162.8800811767578
2023-08-18 00:00:00-04:00,66.29000091552734,313.4947204589844,203.6923065185547,126.9996109008789,26.739999771118164,163.1273193359375
2023-08-21 00:00:00-04:00,67.2699966430664,318.8437194824219,207.86895751953125,127.90632629394531,26.90999984741211,166.24229431152344
2023-08-22 00:00:00-04:00,65.83000183105469,319.4182434082031,205.611572265625,128.61376953125,27.079999923706055,166.05441284179688
2023-08-23 00:00:00-04:00,68.16999816894531,323.9154357910156,207.96841430664062,131.89187622070312,27.239999771118164,169.05075073242188
2023-08-24 00:00:00-04:00,66.94999694824219,316.9517822265625,204.36851501464844,129.31124877929688,26.93000030517578,165.15452575683594
2023-08-25 00:00:00-04:00,67.69999694824219,319.93341064453125,208.3065185546875,129.41087341308594,27.290000915527344,166.8356475830078
2023-08-28 00:00:00-04:00,67.56999969482422,320.6465759277344,210.54403686523438,130.53677368164062,27.649999618530273,168.2003173828125
2023-08-29 00:00:00-04:00,68.80999755859375,325.3121337890625,210.78268432617188,134.0839385986328,27.889999389648438,171.57241821289062
2023-08-30 00:00:00-04:00,68.66999816894531,325.68853759765625,213.84556579589844,135.3892059326172,27.56999969482422,172.8678741455078
2023-08-31 00:00:00-04:00,71.02999877929688,324.6683044433594,220.22991943359375,135.67816162109375,27.790000915527344,173.70843505859375
2023-09-01 00:00:00-04:00,71.72000122070312,325.5597839355469,220.29953002929688,135.1699981689453,27.860000610351562,174.24241638183594
2023-09-05 00:00:00-04:00,73.27999877929688,330.40362548828125,217.47531127929688,135.27960205078125,27.6200008392334,174.86541748046875
2023-09-06 00:00:00-04:00,74.0,329.7399597167969,220.38900756835938,133.97433471679688,27.56999969482422,173.01622009277344
2023-09-07 00:00:00-04:00,73.68000030517578,326.7980041503906,221.2939910888672,134.77142333984375,27.899999618530273,170.51429748535156
2023-09-08 00:00:00-04:00,72.05999755859375,331.1168518066406,223.5115966796875,135.8874053955078,27.8799991607666,170.87030029296875
2023-09-11 00:00:00-04:00,71.77999877929688,334.75225830078125,224.0585479736328,136.42543029785156,27.959999084472656,171.76034545898438
2023-09-12 00:00:00-04:00,70.2699966430664,328.64044189453125,220.42880249023438,134.8511505126953,27.559999465942383,168.64529418945312
2023-09-13 00:00:00-04:00,69.83999633789062,332.8899841308594,217.58468627929688,136.21621704101562,27.610000610351562,169.07054138183594
2023-09-14 00:00:00-04:00,71.56999969482422,335.5050964355469,217.56480407714844,137.6011962890625,27.579999923706055,170.29676818847656
2023-09-15 00:00:00-04:00,71.11000061035156,327.1051025390625,213.41796875,136.90370178222656,26.950000762939453,167.02349853515625
2023-09-18 00:00:00-04:00,70.62999725341797,325.9560241699219,213.80580139160156,137.71080017089844,26.56999969482422,167.82626342773438
2023-09-19 00:00:00-04:00,69.33999633789062,325.5498962402344,214.5019073486328,137.5413818359375,26.510000228881836,167.737060546875
2023-09-20 00:00:00-04:00,68.80000305175781,317.7441711425781,211.8467559814453,133.25692749023438,26.68000030517578,165.1009979248047
2023-09-21 00:00:00-04:00,68.30999755859375,316.515869140625,207.4512939453125,129.96885681152344,26.65999984741211,162.58383178710938
2023-09-22 00:00:00-04:00,68.8499984741211,314.0196838378906,205.2834014892578,129.77952575683594,26.889999389648438,162.9307098388672
2023-09-25 00:00:00-04:00,68.6500015258789,314.5447082519531,205.1938934326172,130.6364288330078,27.239999771118164,163.4559326171875
2023-09-26 00:00:00-04:00,68.30000305175781,309.1955871582031,201.36529541015625,128.10562133789062,26.899999618530273,160.51266479492188
2023-09-27 00:00:00-04:00,67.31999969482422,309.8394775390625,201.60394287109375,130.06849670410156,27.1200008392334,160.76039123535156
2023-09-28 00:00:00-04:00,68.33000183105469,310.68145751953125,202.0713348388672,131.83209228515625,27.229999542236328,161.90003967285156
2023-09-29 00:00:00-04:00,69.94000244140625,312.77154541015625,201.65367126464844,130.38734436035156,27.229999542236328,162.4550018310547
2023-10-02 00:00:00-04:00,70.11000061035156,318.76446533203125,202.57852172851562,133.6853790283203,27.299999237060547,164.19918823242188
2023-10-03 00:00:00-04:00,68.04000091552734,310.433837890625,198.72006225585938,131.95166015625,26.790000915527344,161.4144744873047
2023-10-04 00:00:00-04:00,66.05999755859375,315.9512939453125,200.7487335205078,134.75152587890625,27.040000915527344,163.4261932373047
2023-10-05 00:00:00-04:00,64.5199966430664,316.34747314453125,200.88795471191406,134.58213806152344,26.90999984741211,163.64422607421875
2023-10-06 00:00:00-04:00,65.4800033569336,324.1729736328125,206.20823669433594,137.08306884765625,27.6299991607666,166.7064208984375
2023-10-09 00:00:00-04:00,66.0999984741211,326.7088317871094,206.0690155029297,137.92002868652344,27.90999984741211,167.56858825683594
2023-10-10 00:00:00-04:00,67.27999877929688,325.2923889160156,205.73092651367188,137.56134033203125,27.93000030517578,167.82626342773438
2023-10-11 00:00:00-04:00,64.81999969482422,329.2843322753906,205.70108032226562,140.0423583984375,28.219999313354492,169.3821258544922
2023-10-12 00:00:00-04:00,63.470001220703125,328.0362243652344,204.53756713867188,138.46804809570312,28.010000228881836,169.54067993164062
2023-10-13 00:00:00-04:00,62.75,324.6385498046875,203.45362854003906,136.8638458251953,27.639999389648438,167.1127166748047
2023-10-16 00:00:00-04:00,63.18000030517578,329.5022277832031,207.37171936035156,138.5975799560547,27.780000686645508,168.71815490722656
2023-10-17 00:00:00-04:00,63.84000015258789,328.927734375,208.67446899414062,139.21534729003906,27.719999313354492,167.93527221679688
2023-10-18 00:00:00-04:00,62.970001220703125,326.99609375,203.6923065185547,137.46168518066406,27.6200008392334,166.21092224121094
2023-10-19 00:00:00-04:00,62.36000061035156,328.1946716308594,207.16290283203125,137.25244140625,27.31999969482422,165.25955200195312
2023-10-20 00:00:00-04:00,61.709999084472656,323.58856201171875,202.59840393066406,135.1102294921875,26.690000534057617,162.4649200439453
2023-10-23 00:00:00-04:00,61.130001068115234,326.2135314941406,200.87802124023438,136.00697326660156,26.530000686645508,162.65322875976562
2023-10-24 00:00:00-04:00,62.13999938964844,327.412109375,203.08567810058594,138.30860900878906,27.309999465942383,163.77304077148438
2023-10-25 00:00:00-04:00,60.349998474121094,337.4565124511719,195.9654541015625,125.15629577636719,26.309999465942383,161.84059143066406
2023-10-26 00:00:00-04:00,59.5,324.79705810546875,195.15994262695312,121.83832550048828,26.3700008392334,158.74867248535156
2023-10-27 00:00:00-04:00,59.290000915527344,326.698974609375,195.47816467285156,121.72872161865234,25.940000534057617,159.6702880859375
2023-10-30 00:00:00-04:00,60.0,334.1282043457031,198.16317749023438,124.01045227050781,26.110000610351562,161.38475036621094
2023-10-31 00:00:00-04:00,59.97999954223633,334.920654296875,199.71450805664062,123.63182830810547,26.299999237060547,162.5343017578125
2023-11-01 00:00:00-04:00,60.029998779296875,342.8055725097656,202.7773895263672,125.99325561523438,26.15999984741211,165.67578125
2023-11-02 00:00:00-04:00,61.279998779296875,345.0343322753906,206.95407104492188,127.02951049804688,26.43000030517578,168.48031616210938
2023-11-03 00:00:00-04:00,62.9900016784668,349.4720764160156,206.317626953125,128.63369750976562,26.0,170.2145538330078
2023-11-06 00:00:00-05:00,61.81999969482422,353.1668701171875,206.2678985595703,129.77952575683594,25.770000457763672,171.3343963623047
2023-11-07 00:00:00-05:00,62.689998626708984,357.1291809082031,210.66336059570312,130.49693298339844,25.889999389648438,173.20738220214844
2023-11-08 00:00:00-05:00,61.83000183105469,359.77398681640625,210.29541015625,131.36378479003906,26.1299991607666,174.18849182128906
2023-11-09 00:00:00-05:00,60.650001525878906,357.28765869140625,208.84352111816406,129.7695770263672,26.25,173.3758544921875
2023-11-10 00:00:00-05:00,62.060001373291016,366.1829528808594,212.4434051513672,132.111083984375,26.610000610351562,177.90475463867188
2023-11-13 00:00:00-05:00,61.540000915527344,363.22113037109375,214.08424377441406,131.61288452148438,27.030000686645508,176.86419677734375
2023-11-14 00:00:00-05:00,62.77000045776367,366.7772521972656,219.95147705078125,133.13735961914062,27.399999618530273,180.40203857421875
2023-11-15 00:00:00-05:00,63.7400016784668,366.9261779785156,218.20123291015625,134.1337432861328,27.540000915527344,180.6300048828125
2023-11-16 00:00:00-05:00,63.400001525878906,373.3779602050781,220.219970703125,136.43540954589844,26.459999084472656,181.5318145751953
2023-11-17 00:00:00-05:00,64.12000274658203,367.1048278808594,219.9912567138672,134.82125854492188,27.139999389648438,181.15524291992188
2023-11-20 00:00:00-05:00,66.0,374.63848876953125,223.87953186035156,135.75787353515625,27.700000762939453,183.7813720703125
2023-11-21 00:00:00-05:00,65.94000244140625,370.3009338378906,223.07403564453125,136.4752655029297,27.93000030517578,182.2948760986328
2023-11-22 00:00:00-05:00,63.83000183105469,375.0454406738281,222.59671020507812,137.98977661132812,28.149999618530273,183.1074981689453
2023-11-24 00:00:00-05:00,64.52999877929688,374.6285400390625,223.13369750976562,136.19627380371094,28.530000686645508,182.75074768066406
2023-11-27 00:00:00-05:00,65.55000305175781,375.7998046875,223.54141235351562,135.91729736328125,28.350000381469727,182.74081420898438
2023-11-28 00:00:00-05:00,67.52999877929688,379.8594970703125,223.6707000732422,136.7044219970703,28.1200008392334,183.08767700195312
2023-11-29 00:00:00-05:00,67.94999694824219,376.03802490234375,229.070556640625,134.50242614746094,28.079999923706055,183.22642517089844
2023-11-30 00:00:00-05:00,67.83000183105469,376.09759521484375,250.50083923339844,132.05130004882812,28.18000030517578,183.4939727783203
2023-12-01 00:00:00-05:00,70.29000091552734,371.7302551269531,258.5558776855469,131.38372802734375,28.780000686645508,183.9102020263672
2023-12-04 00:00:00-05:00,68.16000366210938,366.4001159667969,249.2677459716797,128.80308532714844,28.309999465942383,181.67054748535156
2023-12-05 00:00:00-05:00,68.72000122070312,369.7549743652344,249.62574768066406,130.51687622070312,28.329999923706055,182.7606658935547
2023-12-06 00:00:00-05:00,70.94000244140625,366.0625915527344,247.74623107910156,129.55038452148438,27.59000015258789,181.2146759033203
2023-12-07 00:00:00-05:00,71.93000030517578,368.1966857910156,247.46778869628906,136.43540954589844,27.700000762939453,183.4147186279297
2023-12-08 00:00:00-05:00,73.05999755859375,371.4523620605469,249.41690063476562,134.50242614746094,27.59000015258789,184.98049926757812
2023-12-11 00:00:00-05:00,72.58000183105469,368.5440368652344,250.69972229003906,132.8085479736328,27.940000534057617,186.59580993652344
2023-12-12 00:00:00-05:00,71.27999877929688,371.6012268066406,255.02557373046875,132.0413360595703,28.719999313354492,187.8345947265625
2023-12-13 00:00:00-05:00,71.22000122070312,371.59124755859375,255.8907470703125,132.09117126464844,28.989999771118164,189.48956298828125
2023-12-14 00:00:00-05:00,72.13999938964844,363.2138977050781,255.78135681152344,131.4634246826172,28.940000534057617,189.02378845214844
2023-12-15 00:00:00-05:00,71.56999969482422,367.97833251953125,260.14697265625,132.1210479736328,29.6200008392334,189.9751434326172
2023-12-18 00:00:00-05:00,71.36000061035156,369.884033203125,262.12591552734375,135.3094940185547,29.940000534057617,190.54324340820312
2023-12-19 00:00:00-05:00,72.41999816894531,370.4895324707031,262.8717346191406,136.1564178466797,30.110000610351562,191.26829528808594
2023-12-20 00:00:00-05:00,69.86000061035156,367.86907958984375,258.8044738769531,137.84031677246094,29.790000915527344,188.37811279296875
2023-12-21 00:00:00-05:00,71.9000015258789,370.7674560546875,265.7655944824219,139.9127960205078,29.989999771118164,190.49359130859375
2023-12-22 00:00:00-05:00,72.5,371.7997131347656,264.8606262207031,140.97894287109375,30.149999618530273,190.74191284179688
2023-12-26 00:00:00-05:00,74.20999908447266,371.8791198730469,264.7413024902344,141.0088348388672,30.440000534057617,191.5364532470703
2023-12-27 00:00:00-05:00,73.7300033569336,371.29351806640625,265.238525390625,139.86297607421875,30.059999465942383,191.52651977539062
2023-12-28 00:00:00-05:00,73.08999633789062,372.4945068359375,264.1048583984375,139.72348022460938,29.719999313354492,191.7549591064453
2023-12-29 00:00:00-05:00,71.91000366210938,373.2488708496094,261.6784362792969,139.18544006347656,29.479999542236328,191.16896057128906
2024-01-02 00:00:00-05:00,69.1500015258789,368.11724853515625,254.7073516845703,137.67092895507812,28.799999237060547,186.16329956054688
2024-01-03 00:00:00-05:00,67.16999816894531,367.8492431640625,250.44117736816406,138.418212890625,29.010000228881836,184.2663116455078
2024-01-04 00:00:00-05:00,66.9000015258789,365.208984375,249.84451293945312,135.89735412597656,28.600000381469727,182.91555786132812
2024-01-05 00:00:00-05:00,66.95999908447266,365.02044677734375,249.7251739501953,135.23974609375,29.15999984741211,182.86590576171875
2024-01-08 00:00:00-05:00,68.38999938964844,371.9089050292969,259.4210205078125,138.3385009765625,29.829999923706055,187.45443725585938
2024-01-09 00:00:00-05:00,68.30999755859375,373.0007629394531,259.8883972167969,140.44090270996094,29.670000076293945,187.7523956298828
2024-01-10 00:00:00-05:00,68.18000030517578,379.9289245605469,262.66290283203125,141.76608276367188,30.209999084472656,189.35142517089844
2024-01-11 00:00:00-05:00,68.5,381.7751159667969,269.8726501464844,141.5668182373047,31.059999465942383,190.3148193359375
2024-01-12 00:00:00-05:00,70.45999908447266,385.5866394042969,270.41961669921875,142.13473510742188,31.56999969482422,190.9306182861328
2024-01-16 00:00:00-05:00,69.0999984741211,387.3732604980469,267.6948547363281,141.97532653808594,31.329999923706055,191.40733337402344
2024-01-17 00:00:00-05:00,67.94999694824219,386.5791931152344,269.93231201171875,140.9590301513672,31.030000686645508,190.4638214111328
2024-01-18 00:00:00-05:00,67.31999969482422,390.946533203125,272.9355163574219,142.9617462158203,31.639999389648438,194.3273162841797
2024-01-19 00:00:00-05:00,69.04000091552734,395.7109680175781,279.31988525390625,145.85128784179688,32.16999816894531,198.8065948486328
2024-01-22 00:00:00-05:00,69.58999633789062,393.5669250488281,278.74310302734375,145.4626922607422,32.720001220703125,199.68060302734375
2024-01-23 00:00:00-05:00,69.62999725341797,395.939208984375,275.2326965332031,146.50889587402344,32.31999969482422,200.48507690429688
2024-01-24 00:00:00-05:00,69.04000091552734,399.572021484375,275.34210205078125,148.16290283203125,32.400001525878906,201.86561584472656
2024-01-25 00:00:00-05:00,67.41999816894531,401.86492919921875,277.48016357421875,151.32144165039062,32.380001068115234,202.70982360839844
2024-01-26 00:00:00-05:00,67.73999786376953,400.931884765625,278.38507080078125,151.64028930664062,32.099998474121094,200.37582397460938
2024-01-29 00:00:00-05:00,68.93000030517578,406.67889404296875,286.2611389160156,152.9555206298828,32.45000076293945,202.21324157714844
2024-01-30 00:00:00-05:00,67.18000030517578,405.5572814941406,286.1318359375,150.91293334960938,32.540000915527344,200.544677734375
2024-01-31 00:00:00-05:00,64.61000061035156,394.6290283203125,279.5287170410156,139.59396362304688,31.68000030517578,196.33352661132812
2024-02-01 00:00:00-05:00,64.8499984741211,400.78302001953125,282.2236633300781,140.650146484375,32.27000045776367,198.8065948486328
2024-02-02 00:00:00-05:00,64.2699966430664,408.16778564453125,284.0733337402344,141.86573791503906,32.470001220703125,200.86248779296875
2024-02-05 00:00:00-05:00,63.689998626708984,402.6391296386719,286.50970458984375,143.1610107421875,32.4900016784668,201.31935119628906
2024-02-06 00:00:00-05:00,63.599998474121094,402.48028564453125,284.24237060546875,143.57952880859375,32.70000076293945,200.3957061767578
2024-02-07 00:00:00-05:00,63.880001068115234,410.9767150878906,287.2356872558594,145.01431274414062,32.88999938964844,203.04750061035156
2024-02-08 00:00:00-05:00,63.900001525878906,411.03631591796875,290.3283996582031,145.3829803466797,32.779998779296875,203.6831512451172
2024-02-09 00:00:00-05:00,65.69999694824219,417.4284973144531,289.68194580078125,148.46182250976562,33.15999984741211,206.42433166503906
2024-02-12 00:00:00-05:00,64.4800033569336,412.1777648925781,285.7241516113281,146.9971160888672,32.439998626708984,204.8551025390625
2024-02-13 00:00:00-05:00,63.65999984741211,403.30413818359375,279.5883483886719,144.61575317382812,32.02000045776367,201.37893676757812
2024-02-14 00:00:00-05:00,64.13999938964844,407.2022399902344,287.5439147949219,145.41287231445312,32.40999984741211,203.48451232910156
2024-02-15 00:00:00-05:00,64.04000091552734,404.2886047363281,290.3184814453125,142.2543182373047,32.540000915527344,203.0574188232422
2024-02-16 00:00:00-05:00,62.119998931884766,401.8025817871094,288.1107482910156,140.012451171875,25.079999923706055,201.19024658203125
2024-02-20 00:00:00-05:00,61.31999969482422,400.5396728515625,284.79925537109375,140.6102752685547,24.229999542236328,199.144287109375
2024-02-21 00:00:00-05:00,61.349998474121094,399.9330749511719,281.97503662109375,142.0351104736328,23.860000610351562,197.89283752441406
2024-02-22 00:00:00-05:00,62.119998931884766,409.3501892089844,292.0189514160156,143.56954956054688,23.260000228881836,204.3684539794922
2024-02-23 00:00:00-05:00,63.400001525878906,408.0475158691406,291.17364501953125,143.4400177001953,24.0,203.89170837402344
2024-02-26 00:00:00-05:00,63.119998931884766,405.26312255859375,298.7215270996094,137.0731201171875,23.5,204.09036254882812
2024-02-27 00:00:00-05:00,68.16999816894531,405.2034912109375,297.8364562988281,138.37835693359375,23.979999542236328,204.2691192626953
2024-02-28 00:00:00-05:00,69.62000274658203,405.442138671875,298.1049499511719,135.8874053955078,23.850000381469727,203.30572509765625
2024-02-29 00:00:00-05:00,70.7300033569336,411.3291015625,307.104736328125,137.95989990234375,23.950000762939453,205.57020568847656
2024-03-01 00:00:00-05:00,70.91000366210938,413.17864990234375,315.11993408203125,136.6446533203125,24.139999389648438,209.324462890625
2024-03-04 00:00:00-05:00,69.70999908447266,412.6018981933594,312.8923645019531,132.86834716796875,24.100000381469727,209.324462890625
2024-03-05 00:00:00-05:00,66.48999786376953,400.40045166015625,297.0906066894531,132.1907958984375,23.899999618530273,204.17974853515625
2024-03-06 00:00:00-05:00,66.41999816894531,399.84356689453125,302.0827331542969,130.9253692626953,23.799999237060547,205.7986602783203
2024-03-07 00:00:00-05:00,67.02999877929688,406.85418701171875,300.740234375,133.89462280273438,24.149999618530273,209.04635620117188
2024-03-08 00:00:00-05:00,67.16000366210938,403.95050048828125,303.5843505859375,134.9208984375,24.020000457763672,205.9376983642578
2024-03-11 00:00:00-04:00,69.68000030517578,402.260009765625,304.30035400390625,137.1727294921875,23.5,205.37156677246094
2024-03-12 00:00:00-04:00,69.87999725341797,412.9598693847656,304.91693115234375,137.99974060058594,23.84000015258789,209.5826873779297
2024-03-13 00:00:00-04:00,68.44000244140625,412.7809143066406,303.3834533691406,139.28506469726562,24.030000686645508,207.31822204589844
2024-03-14 00:00:00-04:00,67.26000213623047,422.8443603515625,302.02923583984375,142.5831298828125,24.200000762939453,207.35794067382812
2024-03-15 00:00:00-04:00,65.95999908447266,414.0935363769531,293.0774841308594,140.6700439453125,23.81999969482422,204.22940063476562
2024-03-18 00:00:00-04:00,66.2300033569336,414.9884948730469,299.2312316894531,147.14657592773438,23.969999313354492,205.23318481445312
2024-03-19 00:00:00-04:00,66.52999877929688,419.0556335449219,300.167236328125,146.49893188476562,24.530000686645508,206.29763793945312
2024-03-20 00:00:00-04:00,66.86000061035156,422.85430908203125,304.7774963378906,148.2027587890625,24.459999084472656,208.60565185546875
2024-03-21 00:00:00-04:00,66.54000091552734,426.9711608886719,307.07769775390625,147.06687927246094,24.399999618530273,208.7548828125
2024-03-22 00:00:00-04:00,65.95999908447266,426.34466552734375,306.4602966308594,150.22543334960938,24.350000381469727,208.82452392578125
2024-03-25 00:00:00-04:00,66.70999908447266,420.4975280761719,304.7575988769531,149.5279541015625,24.270000457763672,207.4416961669922
2024-03-26 00:00:00-04:00,66.3499984741211,419.2942810058594,304.528564453125,150.1257781982422,24.450000762939453,206.58615112304688
2024-03-27 00:00:00-04:00,66.62000274658203,419.0755310058594,300.0975036621094,150.32504272460938,24.440000534057617,207.6406707763672
2024-03-28 00:00:00-04:00,65.37000274658203,418.3694763183594,299.8983459472656,150.3848419189453,24.299999237060547,207.1929931640625
2024-04-01 00:00:00-04:00,64.7300033569336,422.1979675292969,300.9737854003906,154.92837524414062,24.309999465942383,207.77000427246094
2024-04-02 00:00:00-04:00,63.779998779296875,419.0854797363281,302.7063903808594,154.00172424316406,23.899999618530273,205.7703857421875
2024-04-03 00:00:00-04:00,63.220001220703125,418.10101318359375,303.4432067871094,154.3604278564453,23.479999542236328,206.3175506591797
2024-04-04 00:00:00-04:00,63.279998779296875,415.54534912109375,292.8883361816406,149.98629760742188,23.229999542236328,203.05450439453125
2024-04-05 00:00:00-04:00,62.939998626708984,423.1426696777344,300.6252746582031,151.9491729736328,23.270000457763672,205.38241577148438
2024-04-08 00:00:00-04:00,63.0099983215332,422.2178649902344,300.4460144042969,154.29067993164062,23.280000686645508,205.14366149902344
2024-04-09 00:00:00-04:00,63.849998474121094,423.8984375,301.0832824707031,156.03436279296875,23.31999969482422,206.1782684326172
2024-04-10 00:00:00-04:00,62.220001220703125,420.89532470703125,298.3450012207031,155.57601928710938,23.360000610351562,203.6514129638672
2024-04-11 00:00:00-04:00,62.52000045776367,425.5392150878906,297.87701416015625,158.83421325683594,23.489999771118164,207.72024536132812
2024-04-12 00:00:00-04:00,61.630001068115234,419.54290771484375,293.06756591796875,157.1602783203125,22.989999771118164,204.35772705078125
2024-04-15 00:00:00-04:00,60.2400016784668,411.3291015625,271.7386779785156,154.3006591796875,22.920000076293945,200.4779052734375
2024-04-16 00:00:00-04:00,59.279998779296875,412.2637634277344,276.2294921875,153.84230041503906,22.940000534057617,200.71665954589844
2024-04-17 00:00:00-04:00,59.08000183105469,409.5390625,275.1441650390625,154.908447265625,22.799999237060547,197.82171630859375
2024-04-18 00:00:00-04:00,59.939998626708984,402.0113830566406,270.76287841796875,155.4464874267578,22.760000228881836,195.56344604492188
2024-04-19 00:00:00-04:00,59.45000076293945,396.8901672363281,269.219482421875,153.53341674804688,22.979999542236328,191.53439331054688
2024-04-22 00:00:00-04:00,59.540000915527344,398.71990966796875,272.6448059082031,155.71551513671875,23.309999465942383,193.24549865722656
2024-04-23 00:00:00-04:00,61.619998931884766,405.29296875,275.5025939941406,157.6883544921875,23.469999313354492,196.110595703125
2024-04-24 00:00:00-04:00,61.650001525878906,406.7746276855469,275.01470947265625,158.55523681640625,24.020000457763672,197.00595092773438
2024-04-25 00:00:00-04:00,61.040000915527344,396.8106384277344,271.9776916503906,155.4365234375,23.93000030517578,196.57818603515625
2024-04-26 00:00:00-04:00,62.0,404.0499572753906,273.1228332519531,171.3289337158203,24.149999618530273,198.79664611816406
2024-04-29 00:00:00-04:00,63.31999969482422,400.002685546875,274.56658935546875,165.54986572265625,24.200000762939453,199.65219116210938
2024-04-30 00:00:00-04:00,61.099998474121094,387.15484619140625,267.7955627441406,162.19204711914062,23.15999984741211,195.2550506591797
2024-05-01 00:00:00-04:00,61.61000061035156,392.7335510253906,267.5466003417969,163.26812744140625,23.489999771118164,193.25543212890625
2024-05-02 00:00:00-04:00,62.83000183105469,395.6173095703125,270.9720153808594,166.01815795898438,23.59000015258789,196.0409698486328
2024-05-03 00:00:00-04:00,61.81999969482422,404.3880310058594,272.4954833984375,166.63592529296875,23.3700008392334,201.5025634765625
2024-05-06 00:00:00-04:00,61.81999969482422,411.2295837402344,274.4571228027344,167.4928436279297,23.540000915527344,203.87026977539062
2024-05-07 00:00:00-04:00,62.13999938964844,407.0530700683594,276.00048828125,170.63143920898438,23.610000610351562,203.20372009277344
2024-05-08 00:00:00-04:00,61.22999954223633,408.2463684082031,277.7828674316406,168.76821899414062,23.31999969482422,203.78073120117188
2024-05-09 00:00:00-04:00,61.130001068115234,410.01641845703125,273.9990539550781,169.3461151123047,23.139999389648438,203.72103881835938
2024-05-10 00:00:00-04:00,61.970001220703125,412.42291259765625,275.49267578125,168.0408477783203,23.1299991607666,204.4770965576172
2024-05-13 00:00:00-04:00,63.11000061035156,411.4085998535156,276.33905029296875,168.52906799316406,23.790000915527344,205.4420928955078
2024-05-14 00:00:00-04:00,63.529998779296875,414.23272705078125,275.6221008300781,169.7247314453125,24.020000457763672,207.26263427734375
2024-05-15 00:00:00-04:00,63.810001373291016,421.47515869140625,286.31640625,171.88690185546875,23.860000610351562,211.9283905029297
2024-05-16 00:00:00-04:00,63.959999084472656,419.39306640625,283.46856689453125,173.5508575439453,23.959999084472656,211.1922149658203
2024-05-17 00:00:00-04:00,64.16000366210938,418.61602783203125,284.39459228515625,175.424072265625,23.729999542236328,210.7246551513672
2024-05-20 00:00:00-04:00,64.08999633789062,423.7265930175781,285.8484191894531,176.28097534179688,23.889999389648438,213.20176696777344
2024-05-21 00:00:00-04:00,63.86000061035156,427.41253662109375,282.552490234375,177.20761108398438,23.6299991607666,213.54995727539062
2024-05-22 00:00:00-04:00,64.37999725341797,428.8869323730469,282.61224365234375,175.742919921875,22.8799991607666,214.0274658203125
2024-05-23 00:00:00-04:00,62.41999816894531,425.3802795410156,277.38458251953125,172.9231414794922,23.170000076293945,212.28651428222656
2024-05-24 00:00:00-04:00,63.0099983215332,428.5283203125,271.13128662109375,174.35794067382812,22.889999389648438,214.0772247314453
2024-05-28 00:00:00-04:00,62.060001373291016,428.6877136230469,268.6817626953125,175.76284790039062,22.829999923706055,214.9824981689453
2024-05-29 00:00:00-04:00,61.36000061035156,427.5420837402344,270.4641418457031,175.2646484375,23.170000076293945,213.61959838867188
2024-05-30 00:00:00-04:00,60.529998779296875,413.0970764160156,217.08229064941406,171.4883575439453,22.34000015258789,208.74493408203125
2024-05-31 00:00:00-04:00,61.34000015258789,413.5553283691406,233.4423828125,171.87692260742188,22.530000686645508,209.07322692871094
2024-06-03 00:00:00-04:00,61.72999954223633,411.951416015625,235.6130828857422,172.5445098876953,22.270000457763672,209.60047912597656
2024-06-04 00:00:00-04:00,61.529998779296875,414.49176025390625,233.86058044433594,173.16226196289062,21.709999084472656,210.03822326660156
2024-06-05 00:00:00-04:00,62.09000015258789,422.4016418457031,235.52346801757812,174.7764434814453,21.920000076293945,214.70394897460938
2024-06-06 00:00:00-04:00,63.11000061035156,422.90966796875,241.72694396972656,176.09164428710938,21.600000381469727,213.98768615722656
2024-06-07 00:00:00-04:00,62.84000015258789,422.24224853515625,240.8208465576172,173.82986450195312,21.420000076293945,214.485107421875
2024-06-10 00:00:00-04:00,62.959999084472656,426.2469787597656,240.81088256835938,174.5780029296875,21.329999923706055,215.03225708007812
2024-06-11 00:00:00-04:00,62.849998474121094,431.0387268066406,239.96449279785156,176.18402099609375,21.520000457763672,219.03146362304688
2024-06-12 00:00:00-04:00,60.52000045776367,439.386962890625,234.79656982421875,177.3511199951172,21.700000762939453,223.8762664794922
2024-06-13 00:00:00-04:00,57.939998626708984,439.9049987792969,228.05538940429688,174.72763061523438,20.920000076293945,225.64707946777344
2024-06-14 00:00:00-04:00,57.7400016784668,440.8912353515625,230.95301818847656,176.3535919189453,21.229999542236328,226.49267578125
2024-06-17 00:00:00-04:00,56.95000076293945,446.6692199707031,229.4992218017578,176.802490234375,20.93000030517578,229.92483520507812
2024-06-18 00:00:00-04:00,56.209999084472656,444.6469421386719,230.8235626220703,174.65780639648438,20.760000228881836,230.21334838867188
2024-06-20 00:00:00-04:00,58.310001373291016,444.0093688964844,240.77105712890625,175.8648223876953,20.959999084472656,227.6267852783203
2024-06-21 00:00:00-04:00,58.880001068115234,448.0738830566406,244.01718139648438,179.1865997314453,22.1299991607666,227.22885131835938
2024-06-24 00:00:00-04:00,57.810001373291016,445.9718933105469,238.91897583007812,178.77760314941406,21.799999237060547,221.6580047607422
2024-06-25 00:00:00-04:00,57.790000915527344,449.23944091796875,240.73121643066406,183.5757293701172,21.940000534057617,225.72402954101562
2024-06-26 00:00:00-04:00,57.540000915527344,450.4448547363281,242.11529541015625,183.4261016845703,21.81999969482422,225.4649200439453
2024-06-27 00:00:00-04:00,58.470001220703125,451.13226318359375,251.7740478515625,184.95233154296875,22.420000076293945,225.57455444335938
2024-06-28 00:00:00-04:00,59.189998626708984,445.254638671875,256.0059509277344,181.70037841796875,22.469999313354492,225.4549560546875
2024-07-01 00:00:00-04:00,59.209999084472656,454.9975280761719,255.1197052001953,182.53831481933594,22.530000686645508,227.15908813476562
2024-07-02 00:00:00-04:00,58.34000015258789,457.537841796875,255.0998077392578,184.78274536132812,22.600000381469727,228.29518127441406
2024-07-03 00:00:00-04:00,58.630001068115234,459.0221862792969,259.8395690917969,185.361328125,22.6299991607666,231.37460327148438
2024-07-05 00:00:00-04:00,58.2599983215332,465.78643798828125,262.0700378417969,190.1295166015625,22.329999923706055,232.08218383789062
2024-07-08 00:00:00-04:00,57.400001525878906,464.471435546875,256.2747802734375,188.56338500976562,22.239999771118164,233.66671752929688
2024-07-09 00:00:00-04:00,56.880001068115234,457.796875,251.7470703125,188.51351928710938,22.020000457763672,233.4773712158203
2024-07-10 00:00:00-04:00,56.0,464.4814147949219,251.90663146972656,190.70806884765625,21.8700008392334,236.86570739746094
2024-07-11 00:00:00-04:00,56.599998474121094,452.9752502441406,250.44061279296875,185.1119384765625,22.31999969482422,230.93609619140625
2024-07-12 00:00:00-04:00,57.58000183105469,451.8295593261719,253.2829132080078,184.61317443847656,22.68000030517578,232.9990234375
2024-07-15 00:00:00-04:00,58.32500076293945,452.2380065917969,252.17591857910156,186.06954956054688,22.649999618530273,233.41757202148438
2024-07-16 00:00:00-04:00,59.15999984741211,447.8148498535156,255.33734130859375,183.46600341796875,23.18000030517578,232.6402587890625
2024-07-17 00:00:00-04:00,59.099998474121094,441.8376159667969,250.54034423828125,180.5731658935547,23.309999465942383,223.5913543701172
2024-07-18 00:00:00-04:00,59.150001525878906,438.6995849609375,246.6808319091797,177.2513885498047,23.229999542236328,223.61129760742188
2024-07-19 00:00:00-04:00,58.869998931884766,435.4519348144531,246.96006774902344,177.22146606445312,23.1200008392334,220.11331176757812
2024-07-22 00:00:00-04:00,58.63999938964844,441.2598571777344,253.39260864257812,181.2215576171875,23.170000076293945,225.3253936767578
2024-07-23 00:00:00-04:00,59.41999816894531,443.16259765625,255.36724853515625,181.3412628173828,23.65999984741211,224.42848205566406
2024-07-24 00:00:00-04:00,58.15999984741211,427.2731018066406,249.104248046875,172.20387268066406,23.489999771118164,215.14041137695312
2024-07-25 00:00:00-04:00,59.61000061035156,416.8128967285156,255.82598876953125,166.86708068847656,24.0,212.8383331298828
2024-07-26 00:00:00-04:00,60.09000015258789,423.6568298339844,261.9992370605469,166.5877685546875,24.149999618530273,215.53903198242188
2024-07-29 00:00:00-04:00,60.31999969482422,425.111328125,257.8904113769531,169.1115264892578,24.059999465942383,214.58233642578125
2024-07-30 00:00:00-04:00,61.04999923706055,421.3157958984375,257.2322082519531,169.86964416503906,24.530000686645508,209.19085693359375
2024-07-31 00:00:00-04:00,60.400001525878906,416.7630920410156,258.0998229980469,171.11656188964844,23.920000076293945,218.05039978027344
2024-08-01 00:00:00-04:00,58.970001220703125,415.52777099609375,252.3753662109375,170.33848571777344,23.219999313354492,209.91836547851562
2024-08-02 00:00:00-04:00,58.4900016784668,406.9405212402344,243.30996704101562,166.2486114501953,22.5,204.01864624023438
2024-08-05 00:00:00-04:00,55.630001068115234,393.6510925292969,238.36337280273438,158.85690307617188,21.530000686645508,197.2220001220703
2024-08-06 00:00:00-04:00,55.83000183105469,398.09417724609375,237.7749786376953,157.89926147460938,21.420000076293945,199.9027862548828
2024-08-07 00:00:00-04:00,55.720001220703125,396.91864013671875,239.39059448242188,158.54766845703125,21.68000030517578,196.66392517089844
2024-08-08 00:00:00-04:00,56.209999084472656,401.1625061035156,248.44602966308594,161.63003540039062,21.729999542236328,204.00868225097656
2024-08-09 00:00:00-04:00,56.380001068115234,404.4798583984375,251.8468017578125,163.2659912109375,22.440000534057617,204.92552185058594
2024-08-12 00:00:00-04:00,55.31999969482422,405.2668762207031,250.63011169433594,161.88938903808594,21.889999389648438,206.59976196289062
2024-08-13 00:00:00-04:00,56.650001525878906,412.4395751953125,253.9112091064453,163.75477600097656,22.479999542236328,212.94793701171875
2024-08-14 00:00:00-04:00,57.0,415.27874755859375,254.6292724609375,159.97412109375,22.459999084472656,214.11395263671875
2024-08-15 00:00:00-04:00,57.849998474121094,420.1889343261719,262.07904052734375,160.90184020996094,22.799999237060547,220.27276611328125
2024-08-16 00:00:00-04:00,58.06999969482422,417.634033203125,262.19873046875,162.5577392578125,22.8700008392334,220.6414794921875
2024-08-19 00:00:00-04:00,59.81999969482422,420.68792724609375,264.66204833984375,166.25857543945312,23.610000610351562,224.27899169921875
2024-08-20 00:00:00-04:00,59.130001068115234,423.9513854980469,261.1316223144531,166.76731872558594,23.719999313354492,223.49169921875
2024-08-21 00:00:00-04:00,60.22999954223633,423.292724609375,260.3836669921875,165.44061279296875,24.329999923706055,224.8071746826172
2024-08-22 00:00:00-04:00,68.04000091552734,414.7198791503906,257.8904113769531,163.39566040039062,23.93000030517578,219.6349639892578
2024-08-23 00:00:00-04:00,70.13999938964844,415.9573974609375,263.2857666015625,165.21116638183594,24.329999923706055,223.19273376464844
2024-08-26 00:00:00-04:00,71.31999969482422,412.6639709472656,264.5622863769531,165.74984741210938,24.280000686645508,220.39234924316406
2024-08-27 00:00:00-04:00,71.9000015258789,413.0132751464844,263.4852600097656,164.27349853515625,24.440000534057617,221.72776794433594
2024-08-28 00:00:00-04:00,70.69000244140625,409.77978515625,258.1995544433594,162.44802856445312,24.3799991607666,218.6682891845703
2024-08-29 00:00:00-04:00,69.94000244140625,412.29473876953125,256.314697265625,161.3806610107422,25.079999923706055,216.695068359375
2024-08-30 00:00:00-04:00,69.08000183105469,416.30670166015625,252.21578979492188,162.97671508789062,25.139999389648438,219.57516479492188
2024-09-03 00:00:00-04:00,68.83000183105469,408.6220703125,247.38890075683594,156.97157287597656,24.0,209.48983764648438
2024-09-04 00:00:00-04:00,68.19000244140625,408.0831604003906,247.00991821289062,156.06381225585938,23.770000457763672,208.95167541503906
2024-09-05 00:00:00-04:00,67.2300033569336,407.5741882324219,245.4541473388672,156.85186767578125,23.639999389648438,208.63278198242188
2024-09-06 00:00:00-04:00,67.18000030517578,400.8975524902344,243.30996704101562,150.54745483398438,23.100000381469727,203.22137451171875
2024-09-09 00:00:00-04:00,66.58999633789062,404.9095153808594,245.09512329101562,148.53976440429688,23.139999389648438,206.5499267578125
2024-09-10 00:00:00-04:00,66.69999694824219,413.3725891113281,245.49404907226562,148.4898223876953,23.3799991607666,209.63931274414062
2024-09-11 00:00:00-04:00,67.30000305175781,422.1949157714844,248.8948211669922,150.98695373535156,24.149999618530273,216.79470825195312
2024-09-12 00:00:00-04:00,66.55000305175781,426.1470031738281,252.6845245361328,154.51292419433594,24.270000457763672,218.5885467529297
2024-09-13 00:00:00-04:00,67.58999633789062,429.7298278808594,253.8813018798828,157.27975463867188,24.59000015258789,219.68478393554688
2024-09-16 00:00:00-04:00,67.62000274658203,430.47833251953125,256.2149658203125,157.87905883789062,24.8799991607666,218.84765625
2024-09-17 00:00:00-04:00,68.11000061035156,434.2807312011719,254.49960327148438,159.1376190185547,24.6299991607666,218.41912841796875
2024-09-18 00:00:00-04:00,66.04000091552734,429.94940185546875,252.14230346679688,159.62705993652344,24.489999771118164,216.42599487304688
2024-09-19 00:00:00-04:00,66.91000366210938,437.81365966796875,265.68682861328125,161.9543914794922,24.469999313354492,222.8538818359375
2024-09-20 00:00:00-04:00,67.52999877929688,434.4004821777344,266.49591064453125,163.40272521972656,24.700000762939453,221.7676239013672
2024-09-23 00:00:00-04:00,68.79000091552734,432.6440124511719,263.90887451171875,161.6647186279297,24.790000915527344,221.7266845703125
2024-09-24 00:00:00-04:00,69.43000030517578,428.31268310546875,270.13177490234375,162.1042022705078,24.93000030517578,223.24420166015625
2024-09-25 00:00:00-04:00,67.94999694824219,431.2467956542969,273.7776184082031,161.3051300048828,24.81999969482422,223.88316345214844
2024-09-26 00:00:00-04:00,68.9000015258789,430.4483947753906,275.44573974609375,162.543701171875,24.979999542236328,226.84829711914062
2024-09-27 00:00:00-04:00,69.55000305175781,427.1649475097656,276.3247375488281,163.76231384277344,25.309999465942383,224.73178100585938
2024-09-30 00:00:00-04:00,69.73999786376953,429.4403991699219,273.3980407714844,165.66014099121094,25.43000030517578,225.39068603515625
2024-10-01 00:00:00-04:00,68.63999938964844,419.849609375,270.561279296875,166.79884338378906,25.049999237060547,219.89968872070312
2024-10-02 00:00:00-04:00,67.61000061035156,416.2967224121094,279.1614990234375,165.67013549804688,25.1200008392334,221.5270233154297
2024-10-03 00:00:00-04:00,67.20999908447266,415.7079162597656,280.58984375,165.67013549804688,25.530000686645508,222.4455108642578
2024-10-04 00:00:00-04:00,68.66000366210938,415.2288513183594,287.42205810546875,166.86875915527344,25.3700008392334,224.92144775390625
2024-10-07 00:00:00-04:00,68.16000366210938,408.7218933105469,284.2456970214844,162.79342651367188,25.280000686645508,223.37399291992188
2024-10-08 00:00:00-04:00,68.31999969482422,413.8815612792969,291.2377014160156,164.19183349609375,25.479999542236328,227.54714965820312
2024-10-09 00:00:00-04:00,69.97000122070312,416.62603759765625,287.59185791015625,161.67471313476562,25.809999465942383,230.09298706054688
2024-10-10 00:00:00-04:00,70.8499984741211,415.0093078613281,289.83929443359375,161.8944549560547,25.899999618530273,230.0330810546875
2024-10-11 00:00:00-04:00,70.68000030517578,415.48834228515625,287.77166748046875,163.05313110351562,25.899999618530273,230.43243408203125
2024-10-14 00:00:00-04:00,67.88999938964844,418.302734375,291.3076171875,164.7711639404297,25.940000534057617,233.43751525878906
2024-10-15 00:00:00-04:00,68.41999816894531,417.90350341796875,288.0213623046875,165.27059936523438,26.270000457763672,228.305908203125
2024-10-16 00:00:00-04:00,68.93000030517578,415.2887268066406,290.52850341796875,164.97093200683594,26.139999389648438,229.01475524902344
2024-10-17 00:00:00-04:00,70.19999694824219,415.8875427246094,290.7781982421875,162.74346923828125,26.3700008392334,229.71360778808594
2024-10-18 00:00:00-04:00,70.5199966430664,417.3246765136719,292.60614013671875,163.23292541503906,26.469999313354492,230.5322723388672
2024-10-21 00:00:00-04:00,72.16999816894531,417.94342041015625,290.9580383300781,163.88218688964844,26.670000076293945,231.61050415039062
2024-10-22 00:00:00-04:00,72.22000122070312,426.656005859375,288.0013732910156,164.95095825195312,26.280000686645508,231.3708953857422
2024-10-23 00:00:00-04:00,72.54000091552734,423.7518005371094,284.1058349609375,162.59365844726562,25.790000915527344,228.0563201904297
2024-10-24 00:00:00-04:00,72.66000366210938,423.8815612792969,286.4331970214844,162.53372192382812,25.790000915527344,228.72523498535156
2024-10-25 00:00:00-04:00,72.62999725341797,427.2947082519531,290.12896728515625,165.080810546875,26.0,229.91326904296875
2024-10-28 00:00:00-04:00,73.8499984741211,425.7378234863281,293.4351806640625,166.52914428710938,25.149999618530273,229.84339904785156
2024-10-29 00:00:00-04:00,75.5,431.0871276855469,298.54937744140625,169.48574829101562,25.81999969482422,232.93832397460938
2024-10-30 00:00:00-04:00,74.77999877929688,431.66595458984375,296.06219482421875,174.26028442382812,26.170000076293945,229.23439025878906
2024-10-31 00:00:00-04:00,74.73999786376953,405.53826904296875,291.0379333496094,170.91412353515625,25.850000381469727,221.87644958496094
2024-11-01 00:00:00-04:00,75.5999984741211,409.55023193359375,294.38409423828125,171.09390258789062,25.979999542236328,223.54371643066406
2024-11-04 00:00:00-05:00,75.54000091552734,407.64404296875,297.6703796386719,169.0462646484375,26.229999542236328,223.37399291992188
2024-11-05 00:00:00-05:00,77.75,410.6380310058594,297.15093994140625,169.5457000732422,26.65999984741211,226.5188446044922
2024-11-06 00:00:00-05:00,79.69000244140625,419.3406066894531,306.55023193359375,176.3079376220703,27.899999618530273,232.96827697753906
2024-11-07 00:00:00-05:00,80.19000244140625,424.58013916015625,310.4258117675781,180.5430908203125,27.8799991607666,237.0316162109375
2024-11-08 00:00:00-05:00,81.45999908447266,421.6959228515625,321.5830993652344,178.14584350585938,27.040000915527344,236.7720489501953
2024-11-11 00:00:00-05:00,85.58000183105469,417.1749572753906,341.3405456542969,180.1435546875,28.170000076293945,235.4641876220703
2024-11-12 00:00:00-05:00,86.31999969482422,422.1849365234375,340.7611999511719,181.41207885742188,27.93000030517578,235.76368713378906
2024-11-13 00:00:00-05:00,85.04000091552734,424.3506164550781,341.3305358886719,178.67523193359375,27.90999984741211,234.94503784179688
2024-11-14 00:00:00-05:00,82.62999725341797,426.0372314453125,331.2720031738281,175.37899780273438,27.670000076293945,234.14634704589844
2024-11-15 00:00:00-05:00,81.13999938964844,414.1709899902344,324.8893127441406,172.29254150390625,27.059999465942383,228.33587646484375
2024-11-18 00:00:00-05:00,78.93000030517578,414.9294738769531,321.8827209472656,175.0993194580078,26.3799991607666,229.07464599609375
2024-11-19 00:00:00-05:00,77.75,416.9554138183594,323.0613708496094,177.9160919189453,26.670000076293945,230.9515838623047
2024-11-20 00:00:00-05:00,78.86000061035156,414.65997314453125,325.3288269042969,175.77853393554688,26.889999389648438,230.7519073486328
2024-11-21 00:00:00-05:00,81.19999694824219,412.8699951171875,335.3973083496094,167.4381103515625,27.639999389648438,233.09805297851562
2024-11-22 00:00:00-05:00,85.87999725341797,417.0,341.63018798828125,164.57138061523438,27.989999771118164,233.21786499023438
2024-11-25 00:00:00-05:00,89.02999877929688,418.7900085449219,338.7235107421875,167.45806884765625,28.520000457763672,233.2078857421875
2024-11-26 00:00:00-05:00,83.41000366210938,427.989990234375,342.78887939453125,168.9263916015625,28.3700008392334,234.37596130371094
2024-11-27 00:00:00-05:00,85.36000061035156,422.989990234375,329.6339111328125,169.03627014160156,28.0,231.201171875
2024-11-29 00:00:00-05:00,82.69000244140625,423.4599914550781,329.6138916015625,168.756591796875,27.65999984741211,233.34765625
2024-12-02 00:00:00-05:00,83.11000061035156,430.9800109863281,330.63275146484375,171.29368591308594,28.3700008392334,235.56402587890625
2024-12-03 00:00:00-05:00,82.62999725341797,431.20001220703125,331.0522766113281,171.1438446044922,28.729999542236328,236.41262817382812
2024-12-04 00:00:00-05:00,83.6500015258789,437.4200134277344,367.45074462890625,174.17037963867188,28.68000030517578,240.7355499267578
2024-12-05 00:00:00-05:00,83.36000061035156,442.6199951171875,360.9681396484375,172.44236755371094,28.729999542236328,239.51754760742188
2024-12-06 00:00:00-05:00,86.22000122070312,443.57000732421875,361.5774230957031,174.510009765625,29.059999465942383,240.44601440429688
2024-12-09 00:00:00-05:00,85.58000183105469,446.0199890136719,351.1693115234375,175.3699951171875,28.8700008392334,238.87860107421875
2024-12-10 00:00:00-05:00,83.83000183105469,443.3299865722656,348.4224548339844,185.1699981689453,28.549999237060547,235.56402587890625
2024-12-11 00:00:00-05:00,86.58999633789062,448.989990234375,354.4455871582031,195.39999389648438,30.040000915527344,238.97842407226562
2024-12-12 00:00:00-05:00,87.05000305175781,449.55999755859375,357.6219482421875,191.9600067138672,30.450000762939453,237.640625
2024-12-13 00:00:00-05:00,83.79000091552734,447.2699890136719,353.90618896484375,189.82000732421875,29.770000457763672,238.65895080566406
2024-12-16 00:00:00-05:00,83.80000305175781,451.5899963378906,356.8228759765625,196.66000366210938,30.450000762939453,241.0450439453125
2024-12-17 00:00:00-05:00,84.5999984741211,454.4599914550781,350.57000732421875,195.4199981689453,30.799999237060547,239.58741760253906
2024-12-18 00:00:00-05:00,82.05000305175781,437.3900146484375,337.2300109863281,188.39999389648438,29.34000015258789,231.86009216308594
2024-12-19 00:00:00-05:00,84.05000305175781,437.0299987792969,336.2300109863281,188.50999450683594,29.790000915527344,232.10968017578125
2024-12-20 00:00:00-05:00,85.5999984741211,436.6000061035156,343.6499938964844,191.41000366210938,30.25,235.57400512695312
2024-12-23 00:00:00-05:00,85.2699966430664,435.25,342.8999938964844,194.6300048828125,30.40999984741211,238.07000732421875
2024-12-24 00:00:00-05:00,85.66999816894531,439.3299865722656,344.42999267578125,196.11000061035156,30.760000228881836,240.52999877929688
2024-12-26 00:00:00-05:00,85.44000244140625,438.1099853515625,341.7200012207031,195.60000610351562,30.75,240.69000244140625
2024-12-27 00:00:00-05:00,83.81999969482422,430.5299987792969,338.45001220703125,192.75999450683594,30.520000457763672,237.49000549316406
2024-12-30 00:00:00-05:00,82.7300033569336,424.8299865722656,335.739990234375,191.24000549316406,30.25,234.47000122070312
2024-12-31 00:00:00-05:00,81.61000061035156,421.5,334.3299865722656,189.3000030517578,30.040000915527344,232.52000427246094
2025-01-02 00:00:00-05:00,81.58000183105469,418.5799865722656,330.6600036621094,189.42999267578125,29.559999465942383,231.97000122070312
2025-01-03 00:00:00-05:00,82.69999694824219,423.3500061035156,332.8999938964844,191.7899932861328,30.0,235.75
2025-01-06 00:00:00-05:00,82.33999633789062,427.8500061035156,330.5299987792969,196.8699951171875,30.06999969482422,238.75
2025-01-07 00:00:00-05:00,80.44999694824219,422.3699951171875,324.92999267578125,195.49000549316406,29.579999923706055,233.9600067138672
2025-01-08 00:00:00-05:00,79.9000015258789,424.55999755859375,326.8999938964844,193.9499969482422,29.739999771118164,233.8800048828125
2025-01-10 00:00:00-05:00,79.45999908447266,418.95001220703125,317.8500061035156,192.0399932861328,29.40999984741211,228.77999877929688
2025-01-13 00:00:00-05:00,78.81999969482422,417.19000244140625,319.07000732421875,191.00999450683594,29.610000610351562,227.16000366210938
2025-01-14 00:00:00-05:00,79.19999694824219,415.6700134277344,323.5400085449219,189.66000366210938,30.09000015258789,227.75999450683594
2025-01-15 00:00:00-05:00,80.26000213623047,426.30999755859375,321.1600036621094,195.5500030517578,30.399999618530273,232.2899932861328
2025-01-16 00:00:00-05:00,79.44000244140625,424.5799865722656,320.0,192.91000366210938,30.420000076293945,230.5
2025-01-17 00:00:00-05:00,78.06999969482422,429.0299987792969,324.55999755859375,196.0,30.59000015258789,234.11000061035156
2025-01-21 00:00:00-05:00,78.54000091552734,428.5,326.8399963378906,198.0500030517578,31.110000610351562,236.05999755859375
2025-01-22 00:00:00-05:00,79.27999877929688,446.20001220703125,332.6199951171875,198.3699951171875,31.190000534057617,241.38999938964844
2025-01-23 00:00:00-05:00,80.01000213623047,446.7099914550781,334.6600036621094,197.97999572753906,31.1200008392334,241.82000732421875
2025-01-24 00:00:00-05:00,80.16999816894531,444.05999755859375,333.8800048828125,200.2100067138672,31.479999542236328,239.3000030517578
2025-01-27 00:00:00-05:00,82.0,434.55999755859375,347.1000061035156,191.80999755859375,32.0,227.57000732421875
2025-01-28 00:00:00-05:00,88.63999938964844,447.20001220703125,359.95001220703125,195.3000030517578,32.68000030517578,233.63999938964844
2025-01-29 00:00:00-05:00,87.19999694824219,442.3299865722656,354.0,195.41000366210938,32.400001525878906,231.74000549316406
2025-01-30 00:00:00-05:00,87.29000091552734,414.989990234375,343.57000732421875,200.8699951171875,32.130001068115234,232.1699981689453
2025-01-31 00:00:00-05:00,86.94000244140625,415.05999755859375,341.70001220703125,204.02000427246094,32.150001525878906,230.80999755859375
2025-02-03 00:00:00-05:00,86.12000274658203,410.9200134277344,339.239990234375,201.22999572753906,31.950000762939453,227.6999969482422
2025-02-04 00:00:00-05:00,86.18000030517578,412.3699951171875,344.1400146484375,206.3800048828125,32.380001068115234,230.97999572753906
2025-02-05 00:00:00-05:00,85.98999786376953,413.2900085449219,347.92999267578125,191.3300018310547,32.630001068115234,234.19000244140625
2025-02-06 00:00:00-05:00,86.69000244140625,415.82000732421875,330.80999755859375,191.60000610351562,32.20000076293945,234.8300018310547
2025-02-07 00:00:00-05:00,86.12000274658203,409.75,325.8299865722656,185.33999633789062,32.040000915527344,232.82000732421875
2025-02-10 00:00:00-05:00,87.0999984741211,412.2200012207031,327.20001220703125,186.47000122070312,31.979999542236328,236.22000122070312
2025-02-11 00:00:00-05:00,83.81999969482422,411.44000244140625,324.3999938964844,185.32000732421875,31.850000381469727,236.3300018310547
2025-02-12 00:00:00-05:00,83.05000305175781,409.0400085449219,326.1199951171875,183.61000061035156,31.899999618530273,235.82000732421875
2025-02-13 00:00:00-05:00,85.16000366210938,410.5400085449219,329.8500061035156,186.13999938964844,32.4900016784668,239.16000366210938
2025-02-14 00:00:00-05:00,85.0999984741211,408.42999267578125,326.5400085449219,185.22999572753906,32.779998779296875,239.97000122070312
